s,C,mol/mol
Time,"TC_Center","CO_Center"
 0.0000000E+000, 2.2000000E+001, 0.0000000E+000
 4.7899494E-001, 2.1999998E+001, 2.2405903E-014
 7.9832489E-001, 2.1999995E+001, 1.3341508E-012
 1.1176548E+000, 2.1999994E+001, 1.0474017E-011
 1.5966498E+000, 2.1999993E+001, 5.5394735E-011
 1.9159797E+000, 2.1999994E+001, 1.6881280E-010
 2.2353097E+000, 2.2000000E+001, 3.5344505E-010
 2.5546397E+000, 2.2000012E+001, 6.6660416E-010
 3.0336346E+000, 2.2000044E+001, 1.3497240E-009
 3.3529645E+000, 2.2000101E+001, 2.4765013E-009
 3.6722945E+000, 2.2000181E+001, 3.9181390E-009
 3.9916245E+000, 2.2000306E+001, 6.0755951E-009
 4.4706194E+000, 2.2000564E+001, 1.0442296E-008
 4.7899494E+000, 2.2000982E+001, 1.7475221E-008
 5.1092793E+000, 2.2001517E+001, 2.6450208E-008
 5.4286093E+000, 2.2002324E+001, 3.9819873E-008
 5.9076042E+000, 2.2003944E+001, 6.6178289E-008
 6.2269342E+000, 2.2006517E+001, 1.0660470E-007
 6.5462641E+000, 2.2009730E+001, 1.5485052E-007
 6.8655941E+000, 2.2017487E+001, 2.2154978E-007
 7.3445890E+000, 2.2033100E+001, 3.3956899E-007
 7.6639190E+000, 2.2056180E+001, 5.0212643E-007
 7.9832489E+000, 2.2081720E+001, 6.7567941E-007
 8.3025789E+000, 2.2114910E+001, 8.9425189E-007
 8.7815738E+000, 2.2168414E+001, 1.2454023E-006
 9.1009038E+000, 2.2236775E+001, 1.6873291E-006
 9.4202337E+000, 2.2303016E+001, 2.1239452E-006
 9.7395637E+000, 2.2380361E+001, 2.6405403E-006
 1.0218559E+001, 2.2494669E+001, 3.4145742E-006
 1.0537889E+001, 2.2629879E+001, 4.3267651E-006
 1.0857219E+001, 2.2756555E+001, 5.1644193E-006
 1.1176548E+001, 2.2901126E+001, 6.0759719E-006
 1.1655543E+001, 2.3108497E+001, 7.3028290E-006
 1.1974873E+001, 2.3344981E+001, 8.6024316E-006
 1.2294203E+001, 2.3558390E+001, 9.7050079E-006
 1.2613533E+001, 2.3792703E+001, 1.0848229E-005
 1.3092528E+001, 2.4112760E+001, 1.2244851E-005
 1.3411858E+001, 2.4456955E+001, 1.3495798E-005
 1.3731188E+001, 2.4748534E+001, 1.4345272E-005
 1.4050518E+001, 2.5050690E+001, 1.5046205E-005
 1.4529513E+001, 2.5442944E+001, 1.5701976E-005
 1.4848843E+001, 2.5852257E+001, 1.6181413E-005
 1.5168173E+001, 2.6193278E+001, 1.6452653E-005
 1.5487503E+001, 2.6576667E+001, 1.6584897E-005
 1.5966498E+001, 2.7016800E+001, 1.6561353E-005
 1.6285828E+001, 2.7440733E+001, 1.6403058E-005
 1.6605158E+001, 2.7776216E+001, 1.6201640E-005
 1.6924488E+001, 2.8111095E+001, 1.5972659E-005
 1.7403483E+001, 2.8519135E+001, 1.5671911E-005
 1.7722813E+001, 2.8920093E+001, 1.5380544E-005
 1.8042143E+001, 2.9207354E+001, 1.5165209E-005
 1.8361473E+001, 2.9473354E+001, 1.4974825E-005
 1.8840467E+001, 2.9777181E+001, 1.4787255E-005
 1.9159797E+001, 3.0059814E+001, 1.4665594E-005
 1.9479127E+001, 3.0272470E+001, 1.4629554E-005
 1.9958122E+001, 3.0529530E+001, 1.4674909E-005
 2.0277452E+001, 3.0784322E+001, 1.4820665E-005
 2.0596782E+001, 3.0988531E+001, 1.5023331E-005
 2.0916112E+001, 3.1201503E+001, 1.5301069E-005
 2.1395107E+001, 3.1483201E+001, 1.5750194E-005
 2.1714437E+001, 3.1781326E+001, 1.6274906E-005
 2.2033767E+001, 3.2030992E+001, 1.6717835E-005
 2.2353097E+001, 3.2296019E+001, 1.7152788E-005
 2.2832092E+001, 3.2645523E+001, 1.7650816E-005
 2.3151422E+001, 3.3010164E+001, 1.8075275E-005
 2.3470752E+001, 3.3305872E+001, 1.8338292E-005
 2.3790082E+001, 3.3606242E+001, 1.8523913E-005
 2.4269077E+001, 3.3976880E+001, 1.8640565E-005
 2.4588407E+001, 3.4337292E+001, 1.8646808E-005
 2.4907737E+001, 3.4610613E+001, 1.8570120E-005
 2.5227067E+001, 3.4871260E+001, 1.8426785E-005
 2.5706062E+001, 3.5174133E+001, 1.8155584E-005
 2.6025391E+001, 3.5451732E+001, 1.7807722E-005
 2.6344721E+001, 3.5649208E+001, 1.7487082E-005
 2.6664051E+001, 3.5829877E+001, 1.7155629E-005
 2.7143046E+001, 3.6032371E+001, 1.6777935E-005
 2.7462376E+001, 3.6217433E+001, 1.6492133E-005
 2.7781706E+001, 3.6355108E+001, 1.6354307E-005
 2.8101036E+001, 3.6491849E+001, 1.6287346E-005
 2.8580031E+001, 3.6664821E+001, 1.6307772E-005
 2.8899361E+001, 3.6842879E+001, 1.6428811E-005
 2.9218691E+001, 3.6991199E+001, 1.6604727E-005
 2.9538021E+001, 3.7151504E+001, 1.6870717E-005
 3.0017016E+001, 3.7372559E+001, 1.7366282E-005
 3.0336346E+001, 3.7620567E+001, 1.8019530E-005
 3.0655676E+001, 3.7839394E+001, 1.8649761E-005
 3.0975006E+001, 3.8078894E+001, 1.9341248E-005
 3.1454001E+001, 3.8403531E+001, 2.0213732E-005
 3.1773331E+001, 3.8753461E+001, 2.1016621E-005
 3.2092661E+001, 3.9050011E+001, 2.1615183E-005
 3.2411991E+001, 3.9364448E+001, 2.2191219E-005
 3.2890986E+001, 3.9779718E+001, 2.2885930E-005
 3.3210316E+001, 4.0213885E+001, 2.3559383E-005
 3.3529645E+001, 4.0570168E+001, 2.4083547E-005
 3.3848975E+001, 4.0936124E+001, 2.4571873E-005
 3.4327970E+001, 4.1403054E+001, 2.5064542E-005
 3.4647300E+001, 4.1874229E+001, 2.5456315E-005
 3.4966630E+001, 4.2247905E+001, 2.5740736E-005
 3.5285960E+001, 4.2623837E+001, 2.6013139E-005
 3.5764955E+001, 4.3094507E+001, 2.6335263E-005
 3.6084285E+001, 4.3563090E+001, 2.6663846E-005
 3.6403615E+001, 4.3935196E+001, 2.6951087E-005
 3.6722945E+001, 4.4318813E+001, 2.7292926E-005
 3.7201940E+001, 4.4816152E+001, 2.7815921E-005
 3.7521270E+001, 4.5336418E+001, 2.8433633E-005
 3.7840600E+001, 4.5767559E+001, 2.8985070E-005
 3.8319595E+001, 4.6328853E+001, 2.9706002E-005
 3.8638925E+001, 4.6895043E+001, 3.0408385E-005
 3.8958255E+001, 4.7338582E+001, 3.0892081E-005
 3.9277585E+001, 4.7754150E+001, 3.1182663E-005
 3.9756580E+001, 4.8230771E+001, 3.1178184E-005
 4.0075910E+001, 4.8654494E+001, 3.0873757E-005
 4.0395240E+001, 4.8947661E+001, 3.0423543E-005
 4.0714569E+001, 4.9191718E+001, 2.9824416E-005
 4.1193564E+001, 4.9422887E+001, 2.8899114E-005
 4.1512894E+001, 4.9572735E+001, 2.7834575E-005
 4.1832224E+001, 4.9626389E+001, 2.6899398E-005
 4.2151554E+001, 4.9626128E+001, 2.5899628E-005
 4.2630549E+001, 4.9556396E+001, 2.4587574E-005
 4.2949879E+001, 4.9428644E+001, 2.3337052E-005
 4.3269209E+001, 4.9296230E+001, 2.2486694E-005
 4.3588539E+001, 4.9155762E+001, 2.1813214E-005
 4.4067534E+001, 4.8986024E+001, 2.1263593E-005
 4.4352158E+001, 4.8841931E+001, 2.0960781E-005
 4.4779095E+001, 4.8733614E+001, 2.0843274E-005
 4.5063719E+001, 4.8656758E+001, 2.0797032E-005
 4.5490655E+001, 4.8618970E+001, 2.0822012E-005
 4.5775280E+001, 4.8626968E+001, 2.1065132E-005
 4.6202216E+001, 4.8714038E+001, 2.1764186E-005
 4.6486840E+001, 4.8888632E+001, 2.2909550E-005
 4.6913777E+001, 4.9183840E+001, 2.4571810E-005
 4.7198401E+001, 4.9599508E+001, 2.6651914E-005
 4.7625337E+001, 5.0154450E+001, 2.9072878E-005
 4.7909962E+001, 5.0831057E+001, 3.1635339E-005
 4.8336898E+001, 5.1639617E+001, 3.4247081E-005
 4.8621522E+001, 5.2552059E+001, 3.6841359E-005
 4.9048459E+001, 5.3577749E+001, 3.9673391E-005
 4.9412794E+001, 5.4795640E+001, 4.2908077E-005
 4.9745828E+001, 5.5957724E+001, 4.5386043E-005
 5.0089964E+001, 5.7154652E+001, 4.7125819E-005
 5.0456301E+001, 5.8410287E+001, 4.8490078E-005
 5.0822639E+001, 5.9671781E+001, 4.9656634E-005
 5.1188977E+001, 6.0913350E+001, 5.0676741E-005
 5.1555315E+001, 6.2128001E+001, 5.1206927E-005
 5.1921653E+001, 6.3276955E+001, 5.0993626E-005
 5.2287991E+001, 6.4289528E+001, 5.0171156E-005
 5.2658898E+001, 6.5124624E+001, 4.8930377E-005
 5.3013774E+001, 6.5723402E+001, 4.7561249E-005
 5.3368650E+001, 6.6129037E+001, 4.5611742E-005
 5.3723526E+001, 6.6371702E+001, 4.3936731E-005
 5.4078402E+001, 6.6502585E+001, 4.2785917E-005
 5.4445108E+001, 6.6554680E+001, 4.1138526E-005
 5.4835471E+001, 6.6530225E+001, 3.9702756E-005
 5.5095714E+001, 6.6480396E+001, 3.9245916E-005
 5.5486077E+001, 6.6444794E+001, 3.9517273E-005
 5.5876441E+001, 6.6481655E+001, 4.0625087E-005
 5.6266804E+001, 6.6688304E+001, 4.2959821E-005
 5.6527047E+001, 6.7017558E+001, 4.5864304E-005
 5.6917410E+001, 6.7474400E+001, 4.7964983E-005
 5.7307774E+001, 6.8159584E+001, 4.9660098E-005
 5.7628367E+001, 6.8892029E+001, 5.1331049E-005
 5.7970334E+001, 6.9775273E+001, 5.3093554E-005
 5.8322986E+001, 7.0860588E+001, 5.4885963E-005
 5.8710904E+001, 7.2119079E+001, 5.6181125E-005
 5.9098822E+001, 7.3373002E+001, 5.6424753E-005
 5.9486740E+001, 7.4483530E+001, 5.5788626E-005
 5.9847690E+001, 7.5338740E+001, 5.4642319E-005
 6.0195157E+001, 7.5915997E+001, 5.3089757E-005
 6.0577370E+001, 7.6209241E+001, 5.0500836E-005
 6.0959583E+001, 7.6141114E+001, 4.6864121E-005
 6.1214392E+001, 7.5801331E+001, 4.3478516E-005
 6.1596605E+001, 7.5194723E+001, 4.0072927E-005
 6.1978818E+001, 7.4207771E+001, 3.6168906E-005
 6.2361031E+001, 7.3031463E+001, 3.3000904E-005
 6.2743244E+001, 7.1826736E+001, 3.0781389E-005
 6.3097876E+001, 7.0740001E+001, 2.9394622E-005
 6.3407327E+001, 6.9862556E+001, 2.8954775E-005
 6.3769685E+001, 6.9053016E+001, 2.9311220E-005
 6.4118742E+001, 6.8381744E+001, 3.0036366E-005
 6.4441198E+001, 6.7917074E+001, 3.1047511E-005
 6.4871140E+001, 6.7594500E+001, 3.2887184E-005
 6.5213640E+001, 6.7446811E+001, 3.4504652E-005
 6.5534203E+001, 6.7451825E+001, 3.5092040E-005
 6.5897054E+001, 6.7569314E+001, 3.5617344E-005
 6.6257601E+001, 6.7782366E+001, 3.5944343E-005
 6.6671208E+001, 6.8028859E+001, 3.5160290E-005
 6.6981413E+001, 6.8206462E+001, 3.3623192E-005
 6.7357463E+001, 6.8297566E+001, 3.1916843E-005
 6.7720995E+001, 6.8303853E+001, 2.9870250E-005
 6.8111791E+001, 6.8210487E+001, 2.7748084E-005
 6.8421701E+001, 6.8064963E+001, 2.6401336E-005
 6.8861574E+001, 6.7941043E+001, 2.6568097E-005
 6.9157226E+001, 6.7906611E+001, 2.7812894E-005
 6.9482442E+001, 6.7993626E+001, 2.9719119E-005
 6.9916064E+001, 6.8293420E+001, 3.2782918E-005
 7.0273802E+001, 6.8859991E+001, 3.6568819E-005
 7.0631539E+001, 6.9589659E+001, 4.0224947E-005
 7.0989277E+001, 7.0572901E+001, 4.4713449E-005
 7.1307594E+001, 7.1764644E+001, 5.0308070E-005
 7.1732016E+001, 7.3508889E+001, 5.7693232E-005
 7.2050333E+001, 7.5672591E+001, 6.5923571E-005
 7.2451261E+001, 7.8279649E+001, 7.5311356E-005
 7.2734335E+001, 8.1332296E+001, 8.5881804E-005
 7.3111768E+001, 8.4921296E+001, 9.6508713E-005
 7.3489201E+001, 8.9344544E+001, 1.0556690E-004
 7.3866634E+001, 9.3520155E+001, 1.0909370E-004
 7.4168580E+001, 9.6808287E+001, 1.0752918E-004
 7.4583756E+001, 9.9526959E+001, 1.0193550E-004
 7.4895138E+001, 1.0152293E+002, 9.5710247E-005
 7.5310314E+001, 1.0281350E+002, 9.0291629E-005
 7.5621697E+001, 1.0368674E+002, 8.6147113E-005
 7.6036873E+001, 1.0440402E+002, 8.4446452E-005
 7.6333857E+001, 1.0511512E+002, 8.4207383E-005
 7.6681418E+001, 1.0572976E+002, 8.3377955E-005
 7.7078279E+001, 1.0629905E+002, 8.0638987E-005
 7.7475141E+001, 1.0658195E+002, 7.5865791E-005
 7.7824379E+001, 1.0645731E+002, 7.0038748E-005
 7.8173616E+001, 1.0596259E+002, 6.4526976E-005
 7.8522854E+001, 1.0511940E+002, 5.9888184E-005
 7.8872092E+001, 1.0397958E+002, 5.5415751E-005
 7.9230061E+001, 1.0259679E+002, 5.1400729E-005
 7.9643996E+001, 1.0107164E+002, 5.0749002E-005
 7.9992622E+001, 9.9877956E+001, 5.3948490E-005
 8.0341249E+001, 9.9278064E+001, 5.9769381E-005
 8.0652324E+001, 9.9213340E+001, 6.7107714E-005
 8.1042056E+001, 9.9798754E+001, 7.6297120E-005
 8.1431788E+001, 1.0127037E+002, 8.6324306E-005
 8.1724087E+001, 1.0317021E+002, 9.4896038E-005
 8.2113819E+001, 1.0561795E+002, 1.0397986E-004
 8.2466773E+001, 1.0876495E+002, 1.1556291E-004
 8.2807467E+001, 1.1229970E+002, 1.2871976E-004
 8.3173714E+001, 1.1650592E+002, 1.4343192E-004
 8.3548478E+001, 1.2131678E+002, 1.5791063E-004
 8.3923242E+001, 1.2662898E+002, 1.7207325E-004
 8.4298006E+001, 1.3252711E+002, 1.8596808E-004
 8.4672771E+001, 1.3906136E+002, 1.9966350E-004
 8.4981951E+001, 1.4603203E+002, 2.1367414E-004
 8.5394192E+001, 1.5391509E+002, 2.3155311E-004
 8.5703372E+001, 1.6178106E+002, 2.5824988E-004
 8.6104066E+001, 1.6933671E+002, 2.8448336E-004
 8.6470122E+001, 1.7701075E+002, 2.9608032E-004
 8.6836178E+001, 1.8345595E+002, 2.8707707E-004
 8.7202234E+001, 1.8831957E+002, 2.5407255E-004
 8.7568290E+001, 1.9114078E+002, 2.1036854E-004
 8.7842832E+001, 1.9135026E+002, 1.7737436E-004
 8.8208888E+001, 1.8889142E+002, 1.4990131E-004
 8.8574944E+001, 1.8415765E+002, 1.2359779E-004
 8.8940999E+001, 1.7864685E+002, 1.0691904E-004
 8.9307055E+001, 1.7302423E+002, 9.8465539E-005
 8.9673111E+001, 1.6753676E+002, 9.3194004E-005
 9.0105972E+001, 1.6172784E+002, 8.9519989E-005
 9.0413443E+001, 1.5672193E+002, 8.6204338E-005
 9.0806921E+001, 1.5208009E+002, 8.1646896E-005
 9.1102029E+001, 1.4748277E+002, 7.5737658E-005
 9.1495507E+001, 1.4298163E+002, 6.9777098E-005
 9.1888985E+001, 1.3822627E+002, 6.5843812E-005
 9.2184093E+001, 1.3460932E+002, 6.7104589E-005
 9.2535180E+001, 1.3188299E+002, 7.1718941E-005
 9.2903822E+001, 1.2960354E+002, 7.9736067E-005
 9.3290018E+001, 1.2826522E+002, 9.0700103E-005
 9.3642326E+001, 1.2825390E+002, 1.0546306E-004
 9.3983339E+001, 1.2969888E+002, 1.2471201E-004
 9.4324352E+001, 1.3244321E+002, 1.4566168E-004
 9.4750618E+001, 1.3694243E+002, 1.6777720E-004
 9.5091631E+001, 1.4271749E+002, 1.8753144E-004
 9.5432643E+001, 1.4912719E+002, 2.0301543E-004
 9.5773656E+001, 1.5641856E+002, 2.1060327E-004
 9.6199922E+001, 1.6428704E+002, 2.0781760E-004
 9.6529183E+001, 1.7103115E+002, 1.9795741E-004
 9.6873788E+001, 1.7578091E+002, 1.8688581E-004
 9.7203125E+001, 1.7931750E+002, 1.7424915E-004
 9.7598331E+001, 1.8102148E+002, 1.5862002E-004
 9.7927668E+001, 1.8025046E+002, 1.4080094E-004
 9.8322874E+001, 1.7726675E+002, 1.1886657E-004
 9.8652211E+001, 1.7267805E+002, 9.8447198E-005
 9.9047417E+001, 1.6751351E+002, 8.5875587E-005
 9.9403101E+001, 1.6247734E+002, 8.1786955E-005
 9.9772006E+001, 1.5835301E+002, 8.1870176E-005
 1.0015027E+002, 1.5488051E+002, 8.5646648E-005
 1.0048193E+002, 1.5256857E+002, 9.8896827E-005
 1.0081360E+002, 1.5182298E+002, 1.1845203E-004
 1.0122818E+002, 1.5218328E+002, 1.3442970E-004
 1.0155984E+002, 1.5360625E+002, 1.4301239E-004
 1.0189150E+002, 1.5544382E+002, 1.5050345E-004
 1.0226996E+002, 1.5767110E+002, 1.6155904E-004
 1.0266155E+002, 1.6088937E+002, 1.7257461E-004
 1.0298664E+002, 1.6440918E+002, 1.7810406E-004
 1.0339300E+002, 1.6868171E+002, 1.9039039E-004
 1.0372622E+002, 1.7454800E+002, 2.2425052E-004
 1.0408382E+002, 1.8285752E+002, 2.7788914E-004
 1.0443095E+002, 1.9411189E+002, 3.3534099E-004
 1.0482557E+002, 2.0676394E+002, 3.4830778E-004
 1.0514127E+002, 2.1764248E+002, 3.1630436E-004
 1.0551573E+002, 2.2486990E+002, 2.6901730E-004
 1.0585994E+002, 2.2756675E+002, 2.2360524E-004
 1.0623168E+002, 2.2552407E+002, 1.9069153E-004
 1.0658153E+002, 2.2061869E+002, 1.7306073E-004
 1.0694804E+002, 2.1512208E+002, 1.7272608E-004
 1.0731455E+002, 2.1049487E+002, 1.7923584E-004
 1.0768106E+002, 2.0745928E+002, 1.8662293E-004
 1.0804758E+002, 2.0606696E+002, 1.9461575E-004
 1.0841409E+002, 2.0597676E+002, 2.0136680E-004
 1.0876823E+002, 2.0633873E+002, 2.0312874E-004
 1.0908526E+002, 2.0647736E+002, 2.0125089E-004
 1.0948948E+002, 2.0597633E+002, 1.9310980E-004
 1.0983822E+002, 2.0454664E+002, 1.8265426E-004
 1.1017730E+002, 2.0261993E+002, 1.7385924E-004
 1.1056493E+002, 2.0049389E+002, 1.7214010E-004
 1.1095256E+002, 1.9880267E+002, 1.7987994E-004
 1.1127816E+002, 1.9823207E+002, 1.9316128E-004
 1.1161928E+002, 1.9897465E+002, 2.1003966E-004
 1.1196039E+002, 2.0092225E+002, 2.2702707E-004
 1.1238679E+002, 2.0455537E+002, 2.4754216E-004
 1.1272790E+002, 2.0962048E+002, 2.6926435E-004
 1.1306901E+002, 2.1520078E+002, 2.8474200E-004
 1.1341013E+002, 2.2140260E+002, 2.9500343E-004
 1.1376830E+002, 2.2815400E+002, 3.0121626E-004
 1.1414352E+002, 2.3512249E+002, 3.0441387E-004
 1.1450906E+002, 2.4167862E+002, 3.0696314E-004
 1.1490103E+002, 2.4759736E+002, 3.0681850E-004
 1.1527394E+002, 2.5260472E+002, 3.0176148E-004
 1.1557226E+002, 2.5607743E+002, 2.9471489E-004
 1.1595263E+002, 2.5874397E+002, 2.8426463E-004
 1.1630540E+002, 2.6082594E+002, 2.6829347E-004
 1.1666637E+002, 2.6183426E+002, 2.5221429E-004
 1.1702735E+002, 2.6178117E+002, 2.3857599E-004
 1.1738832E+002, 2.6032335E+002, 2.2245167E-004
 1.1774929E+002, 2.5737292E+002, 2.0486113E-004
 1.1811027E+002, 2.5293753E+002, 1.8303777E-004
 1.1847124E+002, 2.4664569E+002, 1.5627556E-004
 1.1886831E+002, 2.3807843E+002, 1.2849963E-004
 1.1922223E+002, 2.2858350E+002, 1.0306926E-004
 1.1956176E+002, 2.1876414E+002, 8.3551737E-005
 1.1990129E+002, 2.0886419E+002, 7.1513102E-005
 1.2029157E+002, 1.9914465E+002, 6.7011151E-005
 1.2064146E+002, 1.9081880E+002, 7.1939020E-005
 1.2098338E+002, 1.8480021E+002, 8.8406867E-005
 1.2136018E+002, 1.8094512E+002, 1.2276626E-004
 1.2169117E+002, 1.8038105E+002, 1.7156941E-004
 1.2210490E+002, 1.8296398E+002, 2.0962654E-004
 1.2243588E+002, 1.8732841E+002, 2.2609331E-004
 1.2276686E+002, 1.9126896E+002, 2.2507935E-004
 1.2318059E+002, 1.9444542E+002, 2.1742200E-004
 1.2351158E+002, 1.9666256E+002, 2.1024003E-004
 1.2387566E+002, 1.9796880E+002, 2.0504773E-004
 1.2423974E+002, 1.9843793E+002, 1.9947888E-004
 1.2456686E+002, 1.9870245E+002, 2.0429563E-004
 1.2497575E+002, 1.9927656E+002, 2.1462060E-004
 1.2530287E+002, 1.9940062E+002, 2.1016864E-004
 1.2571176E+002, 1.9836829E+002, 1.9635133E-004
 1.2603888E+002, 1.9684414E+002, 1.8861146E-004
 1.2636599E+002, 1.9540638E+002, 1.8540599E-004
 1.2677489E+002, 1.9349817E+002, 1.7887648E-004
 1.2710200E+002, 1.9098560E+002, 1.6772621E-004
 1.2751089E+002, 1.8790196E+002, 1.6375433E-004
 1.2783801E+002, 1.8548260E+002, 1.9099145E-004
 1.2818966E+002, 1.8520356E+002, 2.4136359E-004
 1.2854949E+002, 1.8715435E+002, 2.9782484E-004
 1.2890931E+002, 1.9066000E+002, 3.2418028E-004
 1.2926914E+002, 1.9495401E+002, 3.1518262E-004
 1.2960192E+002, 1.9873821E+002, 2.8848097E-004
 1.3000662E+002, 2.0145545E+002, 2.4992384E-004
 1.3034656E+002, 2.0216981E+002, 2.1133864E-004
 1.3070270E+002, 2.0081124E+002, 1.8168578E-004
 1.3105884E+002, 1.9801222E+002, 1.6269172E-004
 1.3141497E+002, 1.9472523E+002, 1.5538740E-004
 1.3176149E+002, 1.9196930E+002, 1.5734420E-004
 1.3215854E+002, 1.9027059E+002, 1.6899689E-004
 1.3250001E+002, 1.9015474E+002, 1.8885013E-004
 1.3284941E+002, 1.9159956E+002, 2.0811417E-004
 1.3328617E+002, 1.9459947E+002, 2.2570067E-004
 1.3361694E+002, 1.9796695E+002, 2.3860471E-004
 1.3392907E+002, 2.0051437E+002, 2.4431746E-004
 1.3431922E+002, 2.0251307E+002, 2.4160862E-004
 1.3464696E+002, 2.0336017E+002, 2.3259841E-004
 1.3507613E+002, 2.0284527E+002, 2.1926346E-004
 1.3541947E+002, 2.0143053E+002, 2.0959075E-004
 1.3576281E+002, 1.9991159E+002, 2.0838655E-004
 1.3613189E+002, 1.9854442E+002, 2.1435115E-004
 1.3650957E+002, 1.9759179E+002, 2.2307443E-004
 1.3688724E+002, 1.9714292E+002, 2.2327608E-004
 1.3717049E+002, 1.9664974E+002, 2.0833666E-004
 1.3754817E+002, 1.9530941E+002, 1.8378623E-004
 1.3792584E+002, 1.9208750E+002, 1.4329247E-004
 1.3830351E+002, 1.8681831E+002, 1.0860010E-004
 1.3868118E+002, 1.8040296E+002, 9.3316010E-005
 1.3902966E+002, 1.7405333E+002, 8.8474936E-005
 1.3936841E+002, 1.6815371E+002, 8.7078304E-005
 1.3971562E+002, 1.6243570E+002, 8.4368994E-005
 1.4008824E+002, 1.5652260E+002, 8.0436904E-005
 1.4043762E+002, 1.5079283E+002, 7.5646154E-005
 1.4076374E+002, 1.4560335E+002, 7.0797658E-005
 1.4117140E+002, 1.4012682E+002, 6.6439053E-005
 1.4149752E+002, 1.3518140E+002, 6.7569245E-005
 1.4190518E+002, 1.3160867E+002, 8.0550246E-005
 1.4223130E+002, 1.2967470E+002, 9.7979620E-005
 1.4258188E+002, 1.2938139E+002, 1.1140829E-004
 1.4298997E+002, 1.3017301E+002, 1.1706643E-004
 1.4330838E+002, 1.3120877E+002, 1.1491662E-004
 1.4365874E+002, 1.3190529E+002, 1.0897491E-004
 1.4400910E+002, 1.3211883E+002, 1.0063490E-004
 1.4442953E+002, 1.3162419E+002, 9.1651535E-005
 1.4477989E+002, 1.3056728E+002, 8.6348674E-005
 1.4508120E+002, 1.2952844E+002, 8.6564151E-005
 1.4547531E+002, 1.2874329E+002, 9.1366276E-005
 1.4587201E+002, 1.2861633E+002, 1.0100223E-004
 1.4620134E+002, 1.2924114E+002, 1.1036807E-004
 1.4653067E+002, 1.3018186E+002, 1.1740444E-004
 1.4694233E+002, 1.3136499E+002, 1.2325213E-004
 1.4729636E+002, 1.3261150E+002, 1.2857797E-004
 1.4762812E+002, 1.3372646E+002, 1.3268009E-004
 1.4803009E+002, 1.3503995E+002, 1.3707422E-004
 1.4835168E+002, 1.3656583E+002, 1.4265058E-004
 1.4875366E+002, 1.3849958E+002, 1.4896953E-004
 1.4907524E+002, 1.4089346E+002, 1.5626172E-004
 1.4947722E+002, 1.4373796E+002, 1.6488401E-004
 1.4976758E+002, 1.4673767E+002, 1.7220416E-004
 1.5015628E+002, 1.4975661E+002, 1.7615618E-004
 1.5048020E+002, 1.5256031E+002, 1.7623495E-004
 1.5088023E+002, 1.5458280E+002, 1.7384421E-004
 1.5124083E+002, 1.5578839E+002, 1.6795401E-004
 1.5160732E+002, 1.5591868E+002, 1.5597152E-004
 1.5200284E+002, 1.5508296E+002, 1.4132374E-004
 1.5233752E+002, 1.5381225E+002, 1.2967257E-004
 1.5267220E+002, 1.5252268E+002, 1.2202106E-004
 1.5300688E+002, 1.5164499E+002, 1.2037601E-004
 1.5342522E+002, 1.5171762E+002, 1.3108351E-004
 1.5375990E+002, 1.5362370E+002, 1.6163523E-004
 1.5409458E+002, 1.5810810E+002, 2.0791990E-004
 1.5451292E+002, 1.6663093E+002, 2.6567851E-004
 1.5484760E+002, 1.7700012E+002, 2.9372975E-004
 1.5518228E+002, 1.8545903E+002, 2.7139114E-004
 1.5555890E+002, 1.9173591E+002, 2.2419063E-004
 1.5592508E+002, 1.9445647E+002, 1.7440966E-004
 1.5624001E+002, 1.9291374E+002, 1.3698205E-004
 1.5664281E+002, 1.8889976E+002, 1.1970931E-004
 1.5698898E+002, 1.8397234E+002, 1.1226201E-004
 1.5735049E+002, 1.7895233E+002, 1.0802059E-004
 1.5774935E+002, 1.7326610E+002, 1.0452791E-004
 1.5806200E+002, 1.6806232E+002, 1.0159549E-004
 1.5842234E+002, 1.6358398E+002, 9.9046733E-005
 1.5878268E+002, 1.5912977E+002, 9.5664732E-005
 1.5917185E+002, 1.5495548E+002, 9.2196568E-005
 1.5949688E+002, 1.5145382E+002, 8.9694545E-005
 1.5984569E+002, 1.4851163E+002, 8.7130103E-005
 1.6022938E+002, 1.4561884E+002, 8.3849656E-005
 1.6056920E+002, 1.4308532E+002, 8.1787392E-005
 1.6093451E+002, 1.4091351E+002, 8.1990136E-005
 1.6130831E+002, 1.3911775E+002, 8.2699404E-005
 1.6165057E+002, 1.3773273E+002, 8.4072133E-005
 1.6206526E+002, 1.3654672E+002, 8.6008439E-005
 1.6236930E+002, 1.3563821E+002, 8.9671056E-005
 1.6275990E+002, 1.3502044E+002, 9.5500373E-005
 1.6308418E+002, 1.3476388E+002, 1.0333462E-004
 1.6348952E+002, 1.3505798E+002, 1.1225517E-004
 1.6381380E+002, 1.3586919E+002, 1.2048116E-004
 1.6420145E+002, 1.3697847E+002, 1.2440882E-004
 1.6456255E+002, 1.3792690E+002, 1.2180730E-004
 1.6494297E+002, 1.3808597E+002, 1.1355623E-004
 1.6529820E+002, 1.3737449E+002, 1.0266877E-004
 1.6566054E+002, 1.3596086E+002, 9.2290333E-005
 1.6597314E+002, 1.3434297E+002, 8.6023516E-005
 1.6635269E+002, 1.3298579E+002, 8.6631329E-005
 1.6668742E+002, 1.3245266E+002, 9.6627504E-005
 1.6709579E+002, 1.3371791E+002, 1.1783015E-004
 1.6747871E+002, 1.3748423E+002, 1.4616139E-004
 1.6780273E+002, 1.4309986E+002, 1.6928133E-004
 1.6812674E+002, 1.4929986E+002, 1.7647999E-004
 1.6854797E+002, 1.5650232E+002, 1.7161951E-004
 1.6890438E+002, 1.6231726E+002, 1.5688365E-004
 1.6926080E+002, 1.6559951E+002, 1.4530735E-004
 1.6961722E+002, 1.6712648E+002, 1.3819483E-004
 1.6997364E+002, 1.6750404E+002, 1.3213120E-004
 1.7029328E+002, 1.6707913E+002, 1.2723674E-004
 1.7070882E+002, 1.6587175E+002, 1.2457108E-004
 1.7106042E+002, 1.6423824E+002, 1.2184770E-004
 1.7141203E+002, 1.6266527E+002, 1.1922735E-004
 1.7176364E+002, 1.6117014E+002, 1.1704961E-004
 1.7211525E+002, 1.5974068E+002, 1.1543602E-004
 1.7246685E+002, 1.5828058E+002, 1.1451534E-004
 1.7286061E+002, 1.5667131E+002, 1.1420168E-004
 1.7318874E+002, 1.5493974E+002, 1.1314931E-004
 1.7355599E+002, 1.5314354E+002, 1.0952905E-004
 1.7390998E+002, 1.5112339E+002, 1.0475943E-004
 1.7424238E+002, 1.4910353E+002, 1.0341427E-004
 1.7460101E+002, 1.4711409E+002, 1.0591759E-004
 1.7501909E+002, 1.4504437E+002, 1.1049505E-004
 1.7537129E+002, 1.4323228E+002, 1.1490526E-004
 1.7568838E+002, 1.4188233E+002, 1.1826795E-004
 1.7605176E+002, 1.4067538E+002, 1.2146633E-004
 1.7647380E+002, 1.3961190E+002, 1.2501563E-004
 1.7681143E+002, 1.3891511E+002, 1.2603932E-004
 1.7714906E+002, 1.3843139E+002, 1.2206118E-004
 1.7748670E+002, 1.3791513E+002, 1.1392831E-004
 1.7787438E+002, 1.3727247E+002, 1.0585666E-004
 1.7823916E+002, 1.3682251E+002, 1.0488315E-004
 1.7856017E+002, 1.3697448E+002, 1.1103951E-004
 1.7896143E+002, 1.3805336E+002, 1.2384003E-004
 1.7928244E+002, 1.4027594E+002, 1.4317836E-004
 1.7968370E+002, 1.4404696E+002, 1.6982743E-004
 1.8001273E+002, 1.4968394E+002, 2.0598015E-004
 1.8036584E+002, 1.5636141E+002, 2.4438234E-004
 1.8080722E+002, 1.6490098E+002, 2.7913631E-004
 1.8112902E+002, 1.7295307E+002, 2.8842949E-004
 1.8144038E+002, 1.7901615E+002, 2.7935327E-004
 1.8185293E+002, 1.8426887E+002, 2.5027311E-004
 1.8219543E+002, 1.8698429E+002, 2.0878665E-004
 1.8253793E+002, 1.8731423E+002, 1.8711036E-004
 1.8288043E+002, 1.8669659E+002, 1.8534285E-004
 1.8330855E+002, 1.8598494E+002, 1.9307956E-004
 1.8365105E+002, 1.8559700E+002, 1.9996860E-004
 1.8399354E+002, 1.8569712E+002, 2.0284062E-004
 1.8433604E+002, 1.8672214E+002, 2.2119614E-004
 1.8475390E+002, 1.9027786E+002, 2.6593425E-004
 1.8505536E+002, 1.9720894E+002, 3.1605875E-004
 1.8541184E+002, 2.0493429E+002, 3.1868546E-004
 1.8577660E+002, 2.1148930E+002, 2.8333025E-004
 1.8614136E+002, 2.1516776E+002, 2.3951086E-004
 1.8650613E+002, 2.1503277E+002, 1.9850250E-004
 1.8687089E+002, 2.1118754E+002, 1.6833572E-004
 1.8723565E+002, 2.0521420E+002, 1.4859555E-004
 1.8760042E+002, 1.9869005E+002, 1.4042892E-004
 1.8796518E+002, 1.9288869E+002, 1.4405451E-004
 1.8832995E+002, 1.8876869E+002, 1.5700414E-004
 1.8869471E+002, 1.8653771E+002, 1.7689227E-004
 1.8905947E+002, 1.8604176E+002, 2.0128325E-004
 1.8942424E+002, 1.8695225E+002, 2.2459218E-004
 1.8977458E+002, 1.8860934E+002, 2.4005115E-004
 1.9012812E+002, 1.9025509E+002, 2.4190067E-004
 1.9051773E+002, 1.9111027E+002, 2.1708291E-004
 1.9085996E+002, 1.8990060E+002, 1.8296152E-004
 1.9120219E+002, 1.8707163E+002, 1.5833280E-004
 1.9154442E+002, 1.8353495E+002, 1.4657035E-004
 1.9188665E+002, 1.8021009E+002, 1.4572483E-004
 1.9231444E+002, 1.7730367E+002, 1.4873434E-004
 1.9265667E+002, 1.7527784E+002, 1.5342983E-004
 1.9299890E+002, 1.7417031E+002, 1.5967977E-004
 1.9337043E+002, 1.7362644E+002, 1.6983219E-004
 1.9372790E+002, 1.7349256E+002, 1.7567433E-004
 1.9404247E+002, 1.7288598E+002, 1.6563059E-004
 1.9443568E+002, 1.7038108E+002, 1.4020881E-004
 1.9482889E+002, 1.6486616E+002, 1.0951217E-004
 1.9514345E+002, 1.5855577E+002, 9.5366694E-005
 1.9553667E+002, 1.5239356E+002, 9.4325095E-005
 1.9585123E+002, 1.4774214E+002, 1.1021068E-004
 1.9628376E+002, 1.4637369E+002, 1.6778632E-004
 1.9662979E+002, 1.5143991E+002, 3.0431117E-004
 1.9697582E+002, 1.6234574E+002, 4.0042575E-004
 1.9732184E+002, 1.7562537E+002, 3.8475431E-004
 1.9766787E+002, 1.8810054E+002, 3.2704317E-004
 1.9805602E+002, 1.9839800E+002, 2.7867364E-004
 1.9836655E+002, 2.0452272E+002, 2.4408630E-004
 1.9877481E+002, 2.0597704E+002, 2.1670189E-004
 1.9908310E+002, 2.0399217E+002, 1.9485982E-004
 1.9948682E+002, 2.0019033E+002, 1.8020568E-004
 1.9980979E+002, 1.9583573E+002, 1.7124383E-004
 2.0023773E+002, 1.9153448E+002, 1.6930381E-004
 2.0059300E+002, 1.8764640E+002, 1.6425374E-004
 2.0094827E+002, 1.8441467E+002, 1.5441182E-004
 2.0130354E+002, 1.8105526E+002, 1.4316666E-004
 2.0164743E+002, 1.7754653E+002, 1.3550001E-004
 2.0203460E+002, 1.7392864E+002, 1.3134599E-004
 2.0234434E+002, 1.7057885E+002, 1.2667596E-004
 2.0273151E+002, 1.6728578E+002, 1.2124774E-004
 2.0304125E+002, 1.6406445E+002, 1.1569280E-004
 2.0343063E+002, 1.6113249E+002, 1.1421218E-004
 2.0377502E+002, 1.5847358E+002, 1.1868682E-004
 2.0418268E+002, 1.5675986E+002, 1.3243450E-004
 2.0451484E+002, 1.5658978E+002, 1.5227626E-004
 2.0485540E+002, 1.5757477E+002, 1.6431643E-004
 2.0522639E+002, 1.5894899E+002, 1.6350682E-004
 2.0557389E+002, 1.5980787E+002, 1.5557568E-004
 2.0594798E+002, 1.5956178E+002, 1.4622316E-004
 2.0634451E+002, 1.5834916E+002, 1.4096990E-004
 2.0667371E+002, 1.5709813E+002, 1.4206175E-004
 2.0703121E+002, 1.5638640E+002, 1.4885778E-004
 2.0739586E+002, 1.5654737E+002, 1.6202379E-004
 2.0779697E+002, 1.5726776E+002, 1.6799645E-004
 2.0813350E+002, 1.5759654E+002, 1.6451541E-004
 2.0844144E+002, 1.5683490E+002, 1.4842496E-004
 2.0882637E+002, 1.5458069E+002, 1.2758056E-004
 2.0923439E+002, 1.5111179E+002, 1.1300892E-004
 2.0957312E+002, 1.4774919E+002, 1.0603729E-004
 2.0991185E+002, 1.4508035E+002, 1.0398736E-004
 2.1025059E+002, 1.4288164E+002, 1.0421025E-004
 2.1067400E+002, 1.4118694E+002, 1.0862211E-004
 2.1098234E+002, 1.4059851E+002, 1.1899766E-004
 2.1134366E+002, 1.4114495E+002, 1.3293898E-004
 2.1172583E+002, 1.4304014E+002, 1.5123380E-004
 2.1210800E+002, 1.4644049E+002, 1.7151822E-004
 2.1241373E+002, 1.5063606E+002, 1.8950346E-004
 2.1279590E+002, 1.5536634E+002, 2.0418193E-004
 2.1317807E+002, 1.6061868E+002, 2.1606496E-004
 2.1348380E+002, 1.6506693E+002, 2.2156215E-004
 2.1388890E+002, 1.6923818E+002, 2.2397931E-004
 2.1422267E+002, 1.7317981E+002, 2.2519548E-004
 2.1458417E+002, 1.7690861E+002, 2.2718508E-004
 2.1492276E+002, 1.8084563E+002, 2.3068479E-004
 2.1528727E+002, 1.8479326E+002, 2.3663260E-004
 2.1565177E+002, 1.8853103E+002, 2.3936284E-004
 2.1601627E+002, 1.9141881E+002, 2.3306298E-004
 2.1641723E+002, 1.9285146E+002, 2.1556831E-004
 2.1673799E+002, 1.9228284E+002, 1.9272743E-004
 2.1713895E+002, 1.8996084E+002, 1.7183106E-004
 2.1745971E+002, 1.8666034E+002, 1.5878378E-004
 2.1786066E+002, 1.8340051E+002, 1.5940190E-004
 2.1818143E+002, 1.8161626E+002, 1.7286349E-004
 2.1858238E+002, 1.8238678E+002, 1.9428735E-004
 2.1890315E+002, 1.8428245E+002, 2.0415924E-004
 2.1930410E+002, 1.8493508E+002, 1.7968583E-004
 2.1964090E+002, 1.8301994E+002, 1.4287504E-004
 2.1999374E+002, 1.7838434E+002, 1.1594824E-004
 2.2034658E+002, 1.7219068E+002, 9.8729286E-005
 2.2074267E+002, 1.6548472E+002, 9.0664576E-005
 2.2105955E+002, 1.5936882E+002, 8.9858870E-005
 2.2145564E+002, 1.5383419E+002, 9.2963596E-005
 2.2177252E+002, 1.4909566E+002, 9.7726383E-005
 2.2216861E+002, 1.4566523E+002, 1.0857598E-004
 2.2248549E+002, 1.4390907E+002, 1.2360567E-004
 2.2288158E+002, 1.4364749E+002, 1.3331941E-004
 2.2327767E+002, 1.4428790E+002, 1.3688275E-004
 2.2359455E+002, 1.4492434E+002, 1.3294457E-004
 2.2399064E+002, 1.4502581E+002, 1.2617044E-004
 2.2434802E+002, 1.4435844E+002, 1.1764461E-004
 2.2467377E+002, 1.4299391E+002, 1.0927817E-004
 2.2502953E+002, 1.4131146E+002, 1.0361727E-004
 2.2538740E+002, 1.3985972E+002, 1.0465070E-004
 2.2578105E+002, 1.3910132E+002, 1.1219688E-004
 2.2612878E+002, 1.3924658E+002, 1.2161833E-004
 2.2648963E+002, 1.4000635E+002, 1.2900201E-004
 2.2687285E+002, 1.4106282E+002, 1.3392199E-004
 2.2718323E+002, 1.4205069E+002, 1.3687832E-004
 2.2757729E+002, 1.4312243E+002, 1.4035728E-004
 2.2790444E+002, 1.4447077E+002, 1.4412683E-004
 2.2828453E+002, 1.4634860E+002, 1.5107895E-004
 2.2867152E+002, 1.4912959E+002, 1.6458547E-004
 2.2904275E+002, 1.5237430E+002, 1.7706105E-004
 2.2932117E+002, 1.5538095E+002, 1.8516152E-004
 2.2968237E+002, 1.5838229E+002, 1.8824404E-004
 2.3006625E+002, 1.6185506E+002, 1.8436912E-004
 2.3043012E+002, 1.6488620E+002, 1.7432784E-004
 2.3083038E+002, 1.6644402E+002, 1.5487753E-004
 2.3115059E+002, 1.6596352E+002, 1.3234613E-004
 2.3155085E+002, 1.6401308E+002, 1.1396057E-004
 2.3187106E+002, 1.6120395E+002, 1.0058727E-004
 2.3227132E+002, 1.5783971E+002, 9.2191386E-005
 2.3259152E+002, 1.5430207E+002, 8.7557244E-005
 2.3299178E+002, 1.5080505E+002, 8.4986650E-005
 2.3331199E+002, 1.4751716E+002, 8.4708814E-005
 2.3371225E+002, 1.4439741E+002, 8.3417620E-005
 2.3404847E+002, 1.4121678E+002, 8.1467786E-005
 2.3440070E+002, 1.3827726E+002, 7.9871257E-005
 2.3475293E+002, 1.3547883E+002, 8.1498134E-005
 2.3510516E+002, 1.3336687E+002, 8.9599813E-005
 2.3550204E+002, 1.3209708E+002, 9.9725770E-005
 2.3581086E+002, 1.3169020E+002, 1.0831607E-004
 2.3623549E+002, 1.3198476E+002, 1.1430842E-004
 2.3654848E+002, 1.3275562E+002, 1.1862059E-004
 2.3692859E+002, 1.3395391E+002, 1.2389795E-004
 2.3730870E+002, 1.3590376E+002, 1.3336015E-004
 2.3761279E+002, 1.3845210E+002, 1.4695201E-004
 2.3799290E+002, 1.4234846E+002, 1.7068940E-004
 2.3832739E+002, 1.4809536E+002, 2.0694755E-004
 2.3874551E+002, 1.5508422E+002, 2.3567199E-004
 2.3906327E+002, 1.6227009E+002, 2.5293850E-004
 2.3946966E+002, 1.6912966E+002, 2.6324435E-004
 2.3980078E+002, 1.7563068E+002, 2.7054243E-004
 2.4013191E+002, 1.8094568E+002, 2.7585545E-004
 2.4054582E+002, 1.8658747E+002, 2.8099064E-004
 2.4087695E+002, 1.9199884E+002, 2.8472446E-004
 2.4120808E+002, 1.9651015E+002, 2.8866003E-004
 2.4156404E+002, 2.0110800E+002, 2.9845562E-004
 2.4198614E+002, 2.0694638E+002, 3.1008199E-004
 2.4228078E+002, 2.1356855E+002, 3.1804862E-004
 2.4266975E+002, 2.2058285E+002, 3.2293264E-004
 2.4307836E+002, 2.2839210E+002, 3.1318358E-004
 2.4342350E+002, 2.3397030E+002, 2.9413337E-004
 2.4376865E+002, 2.3705249E+002, 2.7100379E-004
 2.4411379E+002, 2.3711993E+002, 2.3769396E-004
 2.4445893E+002, 2.3367087E+002, 2.0900423E-004
 2.4486262E+002, 2.2809540E+002, 1.9127966E-004
 2.4520953E+002, 2.2177309E+002, 1.8119145E-004
 2.4556343E+002, 2.1547175E+002, 1.7522821E-004
 2.4592558E+002, 2.0953068E+002, 1.7140424E-004
 2.4628772E+002, 2.0412880E+002, 1.6956066E-004
 2.4664986E+002, 1.9939671E+002, 1.7230545E-004
 2.4701200E+002, 1.9542835E+002, 1.7796564E-004
 2.4737414E+002, 1.9260843E+002, 1.7679114E-004
 2.4773628E+002, 1.9014952E+002, 1.7120305E-004
 2.4809842E+002, 1.8747023E+002, 1.6154650E-004
 2.4840710E+002, 1.8484362E+002, 1.4964664E-004
 2.4877219E+002, 1.8190396E+002, 1.3966598E-004
 2.4916649E+002, 1.7843696E+002, 1.3597820E-004
 2.4948777E+002, 1.7540442E+002, 1.3711879E-004
 2.4991346E+002, 1.7264458E+002, 1.4081816E-004
 2.5026687E+002, 1.7012087E+002, 1.4481922E-004
 2.5062028E+002, 1.6808581E+002, 1.4922638E-004
 2.5096282E+002, 1.6640611E+002, 1.5525630E-004
 2.5135027E+002, 1.6528522E+002, 1.6403076E-004
 2.5166798E+002, 1.6507372E+002, 1.7540398E-004
 2.5200893E+002, 1.6581683E+002, 1.8748238E-004
 2.5242042E+002, 1.6759968E+002, 2.0370573E-004
 2.5277307E+002, 1.7002980E+002, 2.1474763E-004
 2.5315393E+002, 1.7231061E+002, 2.1050399E-004
 2.5346426E+002, 1.7363765E+002, 1.9639764E-004
 2.5385218E+002, 1.7361373E+002, 1.7614531E-004
 2.5417803E+002, 1.7194530E+002, 1.5280657E-004
 2.5460473E+002, 1.6863407E+002, 1.3432594E-004
 2.5494610E+002, 1.6433206E+002, 1.2122769E-004
 2.5528747E+002, 1.6009447E+002, 1.1326022E-004
 2.5562883E+002, 1.5587201E+002, 1.0663229E-004
 2.5597020E+002, 1.5190056E+002, 1.0035647E-004
 2.5639690E+002, 1.4784387E+002, 9.5348352E-005
 2.5673827E+002, 1.4418494E+002, 9.3321526E-005
 2.5707963E+002, 1.4164202E+002, 9.8676723E-005
 2.5742100E+002, 1.4025754E+002, 1.1233403E-004
 2.5776236E+002, 1.4045662E+002, 1.3306796E-004
 2.5818907E+002, 1.4314850E+002, 1.6231102E-004
 2.5851772E+002, 1.4709909E+002, 1.7390981E-004
 2.5888083E+002, 1.5062206E+002, 1.6938015E-004
 2.5927300E+002, 1.5343866E+002, 1.5847311E-004
 2.5959254E+002, 1.5471400E+002, 1.5031188E-004
 2.5999197E+002, 1.5471820E+002, 1.4313404E-004
 2.6031151E+002, 1.5373609E+002, 1.3651698E-004
 2.6067578E+002, 1.5218219E+002, 1.3244370E-004
 2.6104387E+002, 1.5051628E+002, 1.3490787E-004
 2.6136629E+002, 1.4930032E+002, 1.3695901E-004
 2.6177869E+002, 1.4818552E+002, 1.3605673E-004
 2.6210862E+002, 1.4686880E+002, 1.3267990E-004
 2.6252102E+002, 1.4518721E+002, 1.2917847E-004
 2.6284216E+002, 1.4349605E+002, 1.2872758E-004
 2.6321066E+002, 1.4232497E+002, 1.3068480E-004
 2.6352020E+002, 1.4181452E+002, 1.3406733E-004
 2.6388686E+002, 1.4212200E+002, 1.3930209E-004
 2.6427468E+002, 1.4336302E+002, 1.4724355E-004
 2.6460820E+002, 1.4536047E+002, 1.5671705E-004
 2.6498360E+002, 1.4824937E+002, 1.6780512E-004
 2.6535900E+002, 1.5219758E+002, 1.8495588E-004
 2.6573441E+002, 1.5710034E+002, 2.1056675E-004
 2.6610981E+002, 1.6307932E+002, 2.3462543E-004
 2.6644363E+002, 1.6950772E+002, 2.5252644E-004
 2.6677746E+002, 1.7637785E+002, 2.6490524E-004
 2.6714789E+002, 1.8387656E+002, 2.6343012E-004
 2.6750660E+002, 1.9082473E+002, 2.4774443E-004
 2.6790118E+002, 1.9579135E+002, 2.2445180E-004
 2.6822474E+002, 1.9759409E+002, 1.9978672E-004
 2.6857198E+002, 1.9639513E+002, 1.7904119E-004
 2.6900602E+002, 1.9349664E+002, 1.6513270E-004
 2.6935325E+002, 1.9052524E+002, 1.6204147E-004
 2.6970049E+002, 1.8856538E+002, 1.6783966E-004
 2.7004772E+002, 1.8753248E+002, 1.7871198E-004
 2.7039495E+002, 1.8762002E+002, 1.9384625E-004
 2.7074219E+002, 1.8905925E+002, 2.1545187E-004
 2.7114632E+002, 1.9249714E+002, 2.4565813E-004
 2.7150389E+002, 1.9806721E+002, 2.7316735E-004
 2.7187849E+002, 2.0375407E+002, 2.7404317E-004
 2.7225309E+002, 2.0730117E+002, 2.4826269E-004
 2.7253404E+002, 2.0783690E+002, 2.1353914E-004
 2.7290864E+002, 2.0581094E+002, 1.7772075E-004
 2.7328324E+002, 2.0081631E+002, 1.4466445E-004
 2.7363050E+002, 1.9415146E+002, 1.2317090E-004
 2.7404641E+002, 1.8686854E+002, 1.1349707E-004
 2.7439833E+002, 1.7987525E+002, 1.0933359E-004
 2.7474595E+002, 1.7404808E+002, 1.0702011E-004
 2.7507168E+002, 1.6908065E+002, 1.0618345E-004
 2.7543174E+002, 1.6475335E+002, 1.0711482E-004
 2.7579179E+002, 1.6089204E+002, 1.1027740E-004
 2.7616625E+002, 1.5772130E+002, 1.1414500E-004
 2.7648310E+002, 1.5514271E+002, 1.1455566E-004
 2.7690691E+002, 1.5243909E+002, 1.1227948E-004
 2.7727219E+002, 1.4947043E+002, 1.0822738E-004
 2.7757544E+002, 1.4697680E+002, 1.0340766E-004
 2.7796967E+002, 1.4450794E+002, 9.9183154E-005
 2.7830324E+002, 1.4218938E+002, 9.6522643E-005
 2.7872021E+002, 1.4020464E+002, 9.6176046E-005
 2.7905379E+002, 1.3857783E+002, 9.8341517E-005
 2.7938737E+002, 1.3746326E+002, 1.0331173E-004
 2.7975808E+002, 1.3680585E+002, 1.1276201E-004
 2.8013620E+002, 1.3697009E+002, 1.2826466E-004
 2.8046242E+002, 1.3831827E+002, 1.4660799E-004
 2.8087020E+002, 1.4091294E+002, 1.6311464E-004
 2.8119643E+002, 1.4403494E+002, 1.7563212E-004
 2.8155047E+002, 1.4707510E+002, 1.7811122E-004
 2.8192575E+002, 1.4981210E+002, 1.7123161E-004
 2.8231520E+002, 1.5195354E+002, 1.6585471E-004
 2.8260875E+002, 1.5344615E+002, 1.6711856E-004
 2.8296007E+002, 1.5499185E+002, 1.7531613E-004
 2.8335359E+002, 1.5732562E+002, 1.8846387E-004
 2.8368043E+002, 1.6028189E+002, 2.0394746E-004
 2.8407025E+002, 1.6417788E+002, 2.1827633E-004
 2.8441997E+002, 1.6816935E+002, 2.2090469E-004
 2.8481093E+002, 1.7144357E+002, 2.1378457E-004
 2.8520342E+002, 1.7325776E+002, 2.0055002E-004
 2.8556117E+002, 1.7333141E+002, 1.8440662E-004
 2.8591892E+002, 1.7236699E+002, 1.7151577E-004
 2.8627667E+002, 1.7069627E+002, 1.6064563E-004
 2.8663442E+002, 1.6861153E+002, 1.5259812E-004
 2.8699217E+002, 1.6620663E+002, 1.4519584E-004
 2.8734992E+002, 1.6336016E+002, 1.3591256E-004
 2.8770767E+002, 1.6010694E+002, 1.2354952E-004
 2.8806541E+002, 1.5648961E+002, 1.1050091E-004
 2.8842316E+002, 1.5260687E+002, 1.0028781E-004
 2.8878091E+002, 1.4859052E+002, 9.3860443E-005
 2.8913866E+002, 1.4457684E+002, 9.1461822E-005
 2.8945825E+002, 1.4088439E+002, 9.2812897E-005
 2.8984204E+002, 1.3727200E+002, 9.6602047E-005
 2.9020855E+002, 1.3371697E+002, 1.0279046E-004
 2.9059554E+002, 1.3116601E+002, 1.1006969E-004
 2.9093608E+002, 1.2974956E+002, 1.1531945E-004
 2.9130217E+002, 1.2907834E+002, 1.1691601E-004
 2.9167677E+002, 1.2884731E+002, 1.1824933E-004
 2.9202939E+002, 1.2894847E+002, 1.1971129E-004
 2.9234333E+002, 1.2911404E+002, 1.1840300E-004
 2.9272972E+002, 1.2905314E+002, 1.1632662E-004
 2.9305667E+002, 1.2881444E+002, 1.1493933E-004
 2.9346535E+002, 1.2858021E+002, 1.1442384E-004
 2.9382499E+002, 1.2855922E+002, 1.1667359E-004
 2.9417279E+002, 1.2896890E+002, 1.2282659E-004
 2.9448504E+002, 1.2988802E+002, 1.3163966E-004
 2.9488317E+002, 1.3184567E+002, 1.4841911E-004
 2.9522664E+002, 1.3561948E+002, 1.8376558E-004
 2.9557012E+002, 1.4195996E+002, 2.4034900E-004
 2.9598085E+002, 1.5194015E+002, 2.9887154E-004
 2.9628710E+002, 1.6294394E+002, 3.3034148E-004
 2.9666990E+002, 1.7264658E+002, 3.1858458E-004
 2.9702394E+002, 1.8029530E+002, 2.8969834E-004
 2.9742253E+002, 1.8552854E+002, 2.6465170E-004
 2.9775360E+002, 1.8898798E+002, 2.5223528E-004
 2.9808640E+002, 1.9149093E+002, 2.5042199E-004
 2.9847678E+002, 1.9449359E+002, 2.5660345E-004
 2.9883661E+002, 1.9852002E+002, 2.6911148E-004
 2.9918626E+002, 2.0389062E+002, 2.8074377E-004
 2.9953592E+002, 2.1042011E+002, 2.9154744E-004
 2.9988557E+002, 2.1768905E+002, 3.0487460E-004
 3.0032264E+002, 2.2631853E+002, 3.2714636E-004
 3.0066305E+002, 2.3514394E+002, 3.6654084E-004
 3.0097212E+002, 2.4327229E+002, 4.1233850E-004
 3.0139749E+002, 2.5189632E+002, 4.4761422E-004
 3.0171639E+002, 2.5942534E+002, 4.5345552E-004
 3.0211501E+002, 2.6536432E+002, 4.2900929E-004
 3.0243391E+002, 2.6983759E+002, 3.9073653E-004
 3.0283253E+002, 2.7296030E+002, 3.5374668E-004
 3.0315142E+002, 2.7528784E+002, 3.4028533E-004
 3.0355005E+002, 2.7673793E+002, 3.3138694E-004
 3.0386894E+002, 2.7668818E+002, 3.1311368E-004
 3.0426757E+002, 2.7428480E+002, 2.8654636E-004
 3.0458646E+002, 2.6968443E+002, 2.6162871E-004
 3.0498508E+002, 2.6358941E+002, 2.3904226E-004
 3.0530398E+002, 2.5598721E+002, 2.1245691E-004
 3.0570140E+002, 2.4673940E+002, 1.8702021E-004
 3.0601546E+002, 2.3649294E+002, 1.6463658E-004
 3.0642182E+002, 2.2545050E+002, 1.4614185E-004
 3.0675531E+002, 2.1420783E+002, 1.3541516E-004
 3.0709655E+002, 2.0469704E+002, 1.3275086E-004
 3.0752310E+002, 1.9525438E+002, 1.3590766E-004
 3.0786434E+002, 1.8734821E+002, 1.3967794E-004
 3.0820558E+002, 1.8143659E+002, 1.3784984E-004
 3.0854682E+002, 1.7628119E+002, 1.3222580E-004
 3.0893865E+002, 1.7156942E+002, 1.2666477E-004
 3.0924516E+002, 1.6789185E+002, 1.2641386E-004
 3.0962830E+002, 1.6532891E+002, 1.3350101E-004
 3.1001144E+002, 1.6366027E+002, 1.4530339E-004
 3.1032562E+002, 1.6325973E+002, 1.5796427E-004
 3.1071652E+002, 1.6398719E+002, 1.7451262E-004
 3.1108704E+002, 1.6632228E+002, 1.9938903E-004
 3.1145757E+002, 1.7065059E+002, 2.3059243E-004
 3.1182810E+002, 1.7627293E+002, 2.6183197E-004
 3.1213934E+002, 1.8192364E+002, 2.8310865E-004
 3.1254692E+002, 1.8814502E+002, 3.0360011E-004
 3.1287298E+002, 1.9466986E+002, 3.2055995E-004
 3.1328056E+002, 2.0183525E+002, 3.4152707E-004
 3.1363923E+002, 2.1178125E+002, 3.7842033E-004
 3.1397640E+002, 2.2238479E+002, 4.2959400E-004
 3.1429208E+002, 2.3191095E+002, 4.5437889E-004
 3.1468668E+002, 2.4121043E+002, 4.3834483E-004
 3.1500236E+002, 2.4896527E+002, 4.0535118E-004
 3.1539696E+002, 2.5479264E+002, 3.6544387E-004
 3.1579156E+002, 2.5914682E+002, 3.3707064E-004
 3.1610724E+002, 2.6148082E+002, 3.2923608E-004
 3.1652552E+002, 2.6332101E+002, 3.3288516E-004
 3.1687277E+002, 2.6487065E+002, 3.3544684E-004
 3.1720885E+002, 2.6544041E+002, 3.2610556E-004
 3.1758710E+002, 2.6516591E+002, 3.1347783E-004
 3.1788970E+002, 2.6358704E+002, 2.9486687E-004
 3.1828307E+002, 2.5909142E+002, 2.6152723E-004
 3.1860231E+002, 2.5192922E+002, 2.3108173E-004
 3.1897186E+002, 2.4374147E+002, 2.1267762E-004
 3.1939292E+002, 2.3373204E+002, 1.9656942E-004
 3.1972976E+002, 2.2460955E+002, 1.8384360E-004
 3.2006660E+002, 2.1776712E+002, 1.9167700E-004
 3.2040345E+002, 2.1349458E+002, 2.3009030E-004
 3.2082450E+002, 2.1382495E+002, 3.2496333E-004
 3.2119503E+002, 2.2151775E+002, 4.4136787E-004
 3.2155536E+002, 2.3273793E+002, 4.7969342E-004
 3.2188508E+002, 2.4272119E+002, 4.2824502E-004
 3.2221481E+002, 2.4969148E+002, 3.4879755E-004
 3.2256926E+002, 2.5364110E+002, 2.9684842E-004
 3.2293196E+002, 2.5639962E+002, 3.0785245E-004
 3.2334691E+002, 2.6113692E+002, 3.8672030E-004
 3.2366616E+002, 2.6714341E+002, 4.3744154E-004
 3.2400689E+002, 2.7243506E+002, 4.1794495E-004
 3.2437157E+002, 2.7549822E+002, 3.5050247E-004
 3.2475345E+002, 2.7375503E+002, 2.6846337E-004
 3.2510762E+002, 2.6709774E+002, 2.2284064E-004
 3.2549011E+002, 2.5865033E+002, 2.1081012E-004
 3.2580177E+002, 2.5167718E+002, 2.2698818E-004
 3.2620693E+002, 2.4704405E+002, 2.5129232E-004
 3.2653998E+002, 2.4474579E+002, 2.7036999E-004
 3.2691963E+002, 2.4447293E+002, 2.8605640E-004
 3.2729927E+002, 2.4551456E+002, 2.9281803E-004
 3.2761817E+002, 2.4642877E+002, 2.8769502E-004
 3.2803577E+002, 2.4632220E+002, 2.7389237E-004
 3.2836986E+002, 2.4453283E+002, 2.5470752E-004
 3.2870394E+002, 2.4088743E+002, 2.2957299E-004
 3.2908715E+002, 2.3546457E+002, 1.9991034E-004
 3.2946177E+002, 2.2815517E+002, 1.7867605E-004
 3.2976146E+002, 2.2063464E+002, 1.6760372E-004
 3.3013607E+002, 2.1297641E+002, 1.6202058E-004
 3.3048393E+002, 2.0555187E+002, 1.6320867E-004
 3.3088649E+002, 1.9921330E+002, 1.7325509E-004
 3.3127582E+002, 1.9495081E+002, 1.9074125E-004
 3.3158729E+002, 1.9307167E+002, 2.0534247E-004
 3.3197662E+002, 1.9241070E+002, 2.1328523E-004
 3.3228809E+002, 1.9202369E+002, 2.1226700E-004
 3.3270398E+002, 1.9085695E+002, 2.0022015E-004
 3.3306118E+002, 1.8804484E+002, 1.7646719E-004
 3.3339450E+002, 1.8446265E+002, 1.6017078E-004
 3.3374685E+002, 1.8078067E+002, 1.5230646E-004
 3.3410875E+002, 1.7736517E+002, 1.4936324E-004
 3.3445778E+002, 1.7439742E+002, 1.4838385E-004
 3.3482205E+002, 1.7197932E+002, 1.4916802E-004
 3.3520090E+002, 1.7033164E+002, 1.5799163E-004
 3.3553664E+002, 1.6968772E+002, 1.6674545E-004
 3.3594288E+002, 1.6959149E+002, 1.6891592E-004
 3.3629337E+002, 1.6930438E+002, 1.6360206E-004
 3.3664385E+002, 1.6832048E+002, 1.5347906E-004
 3.3699434E+002, 1.6647025E+002, 1.4116009E-004
 3.3734482E+002, 1.6392734E+002, 1.3071644E-004
 3.3769531E+002, 1.6110835E+002, 1.2549912E-004
 3.3804580E+002, 1.5840367E+002, 1.2488982E-004
 3.3848390E+002, 1.5594541E+002, 1.2837752E-004
 3.3881093E+002, 1.5448072E+002, 1.3765304E-004
 3.3915923E+002, 1.5422041E+002, 1.5058933E-004
 3.3950655E+002, 1.5502808E+002, 1.7111131E-004
 3.3991856E+002, 1.5785998E+002, 2.0553927E-004
 3.4024818E+002, 1.6266379E+002, 2.4082616E-004
 3.4056932E+002, 1.6802280E+002, 2.6316843E-004
 3.4093899E+002, 1.7409503E+002, 2.7183814E-004
 3.4134084E+002, 1.8048075E+002, 2.7112268E-004
 3.4168908E+002, 1.8613962E+002, 2.6884065E-004
 3.4203031E+002, 1.9093647E+002, 2.6975775E-004
 3.4242844E+002, 1.9569539E+002, 2.7804506E-004
 3.4273928E+002, 2.0036033E+002, 2.9131459E-004
 3.4312783E+002, 2.0481309E+002, 3.0012341E-004
 3.4351637E+002, 2.0868456E+002, 2.8877684E-004
 3.4386158E+002, 2.1046957E+002, 2.6525516E-004
 3.4420932E+002, 2.1045945E+002, 2.4962410E-004
 3.4457713E+002, 2.0887300E+002, 2.3694896E-004
 3.4494494E+002, 2.0597952E+002, 2.2637083E-004
 3.4526861E+002, 2.0241445E+002, 2.1512086E-004
 3.4560846E+002, 1.9850662E+002, 2.0283160E-004
 3.4597654E+002, 1.9415109E+002, 1.8971413E-004
 3.4635551E+002, 1.8946494E+002, 1.7851500E-004
 3.4668033E+002, 1.8496650E+002, 1.7005067E-004
 3.4704528E+002, 1.8102552E+002, 1.6680496E-004
 3.4740557E+002, 1.7827624E+002, 1.8399534E-004
 3.4778747E+002, 1.7925270E+002, 2.4571032E-004
 3.4812038E+002, 1.8379832E+002, 2.8955173E-004
 3.4854425E+002, 1.8892100E+002, 2.7262744E-004
 3.4885904E+002, 1.9182690E+002, 2.4422762E-004
 3.4921939E+002, 1.9242432E+002, 2.2560394E-004
 3.4959921E+002, 1.9073859E+002, 2.0845797E-004
 3.4996242E+002, 1.8686329E+002, 1.9028384E-004
 3.5028746E+002, 1.8228071E+002, 1.7808660E-004
 3.5068318E+002, 1.7748236E+002, 1.7395541E-004
 3.5101442E+002, 1.7367998E+002, 1.7925063E-004
 3.5141191E+002, 1.7093664E+002, 1.8710086E-004
 3.5174592E+002, 1.6884317E+002, 1.9139064E-004
 3.5211759E+002, 1.6737573E+002, 1.9213389E-004
 3.5247245E+002, 1.6629460E+002, 1.9371165E-004
 3.5285640E+002, 1.6618295E+002, 2.0402981E-004
 3.5318830E+002, 1.6772515E+002, 2.3340878E-004
 3.5358603E+002, 1.7097041E+002, 2.6246946E-004
 3.5393493E+002, 1.7473710E+002, 2.4960349E-004
 3.5424099E+002, 1.7683222E+002, 2.1690264E-004
 3.5461570E+002, 1.7734183E+002, 2.0254977E-004
 3.5500634E+002, 1.7659277E+002, 2.0030035E-004
 3.5534556E+002, 1.7466062E+002, 1.9520825E-004
 3.5570833E+002, 1.7239809E+002, 1.9120201E-004
 3.5607110E+002, 1.7070461E+002, 1.9531909E-004
 3.5641616E+002, 1.7021373E+002, 2.0642828E-004
 3.5676813E+002, 1.7082387E+002, 2.1387013E-004
 3.5712011E+002, 1.7203406E+002, 2.0934046E-004
 3.5752237E+002, 1.7307788E+002, 1.9836788E-004
 3.5787938E+002, 1.7346029E+002, 1.8854913E-004
 3.5824874E+002, 1.7273764E+002, 1.7665836E-004
 3.5859809E+002, 1.7062767E+002, 1.6378019E-004
 3.5893171E+002, 1.6770431E+002, 1.5205482E-004
 3.5932135E+002, 1.6445826E+002, 1.4336840E-004
 3.5964383E+002, 1.6155300E+002, 1.4092318E-004
 3.6000000E+002, 1.5982866E+002, 1.5094111E-004
